BEGIN;

-- Clear existing data (order matters)
DELETE FROM activities;
DELETE FROM attachments;
DELETE FROM comments;
DELETE FROM checklist_items;
DELETE FROM checklists;
DELETE FROM card_members;
DELETE FROM card_labels;
DELETE FROM cards;
DELETE FROM labels;
DELETE FROM lists;
DELETE FROM board_members;
DELETE FROM boards;
DELETE FROM members;

-- Members
INSERT INTO members (id, name, email, color) VALUES
('a0000000-0000-0000-0000-000000000001', 'Alice Johnson', 'alice@example.com', '#0052CC'),
('b0000000-0000-0000-0000-000000000002', 'Bob Smith', 'bob@example.com', '#00875A'),
('c0000000-0000-0000-0000-000000000003', 'Carol White', 'carol@example.com', '#DE350B'),
('d0000000-0000-0000-0000-000000000004', 'David Lee', 'david@example.com', '#6554C0'),
('e0000000-0000-0000-0000-000000000005', 'Emma Davis', 'emma@example.com', '#FF8B00');

-- Board
INSERT INTO boards (id, title, description, background_color) VALUES
('f0000000-0000-0000-0000-000000000001', 'Product Development',
 'Main board for tracking product development tasks', '#0079BF');

-- Board members
INSERT INTO board_members (board_id, member_id, role) VALUES
('f0000000-0000-0000-0000-000000000001', 'a0000000-0000-0000-0000-000000000001', 'admin'),
('f0000000-0000-0000-0000-000000000001', 'b0000000-0000-0000-0000-000000000002', 'member'),
('f0000000-0000-0000-0000-000000000001', 'c0000000-0000-0000-0000-000000000003', 'member'),
('f0000000-0000-0000-0000-000000000001', 'd0000000-0000-0000-0000-000000000004', 'member'),
('f0000000-0000-0000-0000-000000000001', 'e0000000-0000-0000-0000-000000000005', 'member');

-- Labels (DEFAULT_LABEL_COLORS order)
INSERT INTO labels (id, board_id, name, color) VALUES
('10000000-0000-0000-0000-000000000001', 'f0000000-0000-0000-0000-000000000001', 'Bug', '#EB5A46'),
('10000000-0000-0000-0000-000000000002', 'f0000000-0000-0000-0000-000000000001', 'Feature', '#61BD4F'),
('10000000-0000-0000-0000-000000000003', 'f0000000-0000-0000-0000-000000000001', 'Enhancement', '#F2D600'),
('10000000-0000-0000-0000-000000000004', 'f0000000-0000-0000-0000-000000000001', 'Documentation', '#C377E0'),
('10000000-0000-0000-0000-000000000005', 'f0000000-0000-0000-0000-000000000001', 'High Priority', '#FF9F1A'),
('10000000-0000-0000-0000-000000000006', 'f0000000-0000-0000-0000-000000000001', 'Design', '#0079BF');

-- Lists (POSITION_GAP = 1000)
INSERT INTO lists (id, board_id, title, position) VALUES
('20000000-0000-0000-0000-000000000001', 'f0000000-0000-0000-0000-000000000001', 'Backlog', 1000),
('20000000-0000-0000-0000-000000000002', 'f0000000-0000-0000-0000-000000000001', 'In Progress', 2000),
('20000000-0000-0000-0000-000000000003', 'f0000000-0000-0000-0000-000000000001', 'In Review', 3000),
('20000000-0000-0000-0000-000000000004', 'f0000000-0000-0000-0000-000000000001', 'Done', 4000);

-- Cards
INSERT INTO cards (id, list_id, title, description, position, due_date, due_completed, cover_color) VALUES
('30000000-0000-0000-0000-000000000001', '20000000-0000-0000-0000-000000000001', 'User authentication system',
 'Implement JWT-based authentication with refresh tokens', 1000, NOW() + INTERVAL '7 days', false, NULL),
('30000000-0000-0000-0000-000000000002', '20000000-0000-0000-0000-000000000001', 'Design landing page mockups',
 'Create wireframes and high-fidelity designs', 2000, NULL, false, '#0079BF'),
('30000000-0000-0000-0000-000000000003', '20000000-0000-0000-0000-000000000001', 'Set up CI/CD pipeline',
 NULL, 3000, NOW() - INTERVAL '2 days', false, NULL),
('30000000-0000-0000-0000-000000000004', '20000000-0000-0000-0000-000000000002', 'Build REST API endpoints',
 'Create CRUD endpoints for all resources', 1000, NULL, false, NULL),
('30000000-0000-0000-0000-000000000005', '20000000-0000-0000-0000-000000000002', 'Database schema design',
 NULL, 2000, NOW() + INTERVAL '3 days', false, NULL),
('30000000-0000-0000-0000-000000000006', '20000000-0000-0000-0000-000000000003', 'Code review for auth module',
 'Review PR #42 - authentication implementation', 1000, NULL, false, NULL),
('30000000-0000-0000-0000-000000000007', '20000000-0000-0000-0000-000000000004', 'Project setup and configuration',
 NULL, 1000, NULL, true, NULL);

-- Card labels
INSERT INTO card_labels (card_id, label_id) VALUES
('30000000-0000-0000-0000-000000000001', '10000000-0000-0000-0000-000000000002'),
('30000000-0000-0000-0000-000000000001', '10000000-0000-0000-0000-000000000005'),
('30000000-0000-0000-0000-000000000002', '10000000-0000-0000-0000-000000000006'),
('30000000-0000-0000-0000-000000000003', '10000000-0000-0000-0000-000000000005'),
('30000000-0000-0000-0000-000000000004', '10000000-0000-0000-0000-000000000002'),
('30000000-0000-0000-0000-000000000005', '10000000-0000-0000-0000-000000000004');

-- Card members
INSERT INTO card_members (card_id, member_id) VALUES
('30000000-0000-0000-0000-000000000001', 'a0000000-0000-0000-0000-000000000001'),
('30000000-0000-0000-0000-000000000001', 'b0000000-0000-0000-0000-000000000002'),
('30000000-0000-0000-0000-000000000002', 'c0000000-0000-0000-0000-000000000003'),
('30000000-0000-0000-0000-000000000004', 'd0000000-0000-0000-0000-000000000004'),
('30000000-0000-0000-0000-000000000005', 'e0000000-0000-0000-0000-000000000005');

-- Checklists
INSERT INTO checklists (id, card_id, title, position) VALUES
('40000000-0000-0000-0000-000000000001', '30000000-0000-0000-0000-000000000001', 'Implementation Steps', 1000),
('40000000-0000-0000-0000-000000000002', '30000000-0000-0000-0000-000000000004', 'API Endpoints', 1000);

-- Checklist items (Implementation Steps)
INSERT INTO checklist_items (checklist_id, title, is_completed, position) VALUES
('40000000-0000-0000-0000-000000000001', 'Set up user model', true, 1000),
('40000000-0000-0000-0000-000000000001', 'Create registration endpoint', true, 2000),
('40000000-0000-0000-0000-000000000001', 'Create login endpoint', false, 3000),
('40000000-0000-0000-0000-000000000001', 'Implement JWT tokens', false, 4000),
('40000000-0000-0000-0000-000000000001', 'Add refresh token logic', false, 5000),
('40000000-0000-0000-0000-000000000001', 'Write unit tests', false, 6000);

-- Checklist items (API Endpoints)
INSERT INTO checklist_items (checklist_id, title, is_completed, position) VALUES
('40000000-0000-0000-0000-000000000002', 'GET /boards', true, 1000),
('40000000-0000-0000-0000-000000000002', 'POST /boards', true, 2000),
('40000000-0000-0000-0000-000000000002', 'GET /boards/:id', false, 3000),
('40000000-0000-0000-0000-000000000002', 'POST /lists', false, 4000),
('40000000-0000-0000-0000-000000000002', 'POST /cards', false, 5000);

-- Comments
INSERT INTO comments (card_id, member_id, content) VALUES
('30000000-0000-0000-0000-000000000001', 'a0000000-0000-0000-0000-000000000001', 'Starting work on this today!'),
('30000000-0000-0000-0000-000000000001', 'b0000000-0000-0000-0000-000000000002', 'I can help with the JWT implementation.');

COMMIT;